44.10266476,-121.3007971,Little Pizza Paradise
44.10266476,-121.3007971,Little Pizza Paradise
34.06456347,-118.4690173,The Brentwood
34.06456347,-118.4690173,The Brentwood
34.06456347,-118.4690173,The Brentwood
34.06456347,-118.4690173,The Brentwood
34.06456347,-118.4690173,The Brentwood
34.1017424,-118.3019729,Bravo Pizza Hollywood
34.1017424,-118.3019729,Bravo Pizza Hollywood
34.1017424,-118.3019729,Bravo Pizza Hollywood
34.1017424,-118.3019729,Bravo Pizza Hollywood
34.1017424,-118.3019729,Bravo Pizza Hollywood
34.1017424,-118.3019729,Bravo Pizza Hollywood
29.75247947,-95.35416442,Lucky's Pub
41.64827787,-70.29134463,Roadhouse Cafe
41.64827787,-70.29134463,Roadhouse Cafe
40.25083927,-111.6492677,Brigham Young University
40.25083927,-111.6492677,Brigham Young University
40.25083927,-111.6492677,Brigham Young University
40.25083927,-111.6492677,Brigham Young University
30.16413,-95.46235,Luke's Locker
41.89854289,-87.6219955,Francesca's On Chestnut
41.89854289,-87.6219955,Francesca's On Chestnut
41.89854289,-87.6219955,Francesca's On Chestnut
41.89854289,-87.6219955,Francesca's On Chestnut
39.96193,-75.60276,Country Bagel Bakery
39.96193,-75.60276,Country Bagel Bakery
39.96193,-75.60276,Country Bagel Bakery
39.96193,-75.60276,Country Bagel Bakery
39.96193,-75.60276,Country Bagel Bakery
39.96193,-75.60276,Country Bagel Bakery
39.96193,-75.60276,Country Bagel Bakery
37.250458,-121.863415,Buca Di Beppo - San Jose - Oakridge
33.68678191,-117.1903038,Giovanni's Pizza and Pasta
33.68678191,-117.1903038,Giovanni's Pizza and Pasta
33.68678191,-117.1903038,Giovanni's Pizza and Pasta
33.68678191,-117.1903038,Giovanni's Pizza and Pasta
33.68678191,-117.1903038,Giovanni's Pizza and Pasta
33.68678191,-117.1903038,Giovanni's Pizza and Pasta
33.68678191,-117.1903038,Giovanni's Pizza and Pasta
33.68678191,-117.1903038,Giovanni's Pizza and Pasta
33.68678191,-117.1903038,Giovanni's Pizza and Pasta
32.685459,-97.012459,Uncle John's Pizza
32.685459,-97.012459,Uncle John's Pizza
44.95747331,-89.66768203,Philly's Subs
39.7583638,-75.5626631,Satsuma
39.7583638,-75.5626631,Satsuma
34.883816,-82.7078,Gatehouse Restaurant
38.40468,-90.38609,Imo's Pizza
38.40468,-90.38609,Imo's Pizza
38.40468,-90.38609,Imo's Pizza
38.40468,-90.38609,Imo's Pizza
38.40468,-90.38609,Imo's Pizza
37.75757298,-121.4618598,Applebee's Tracy
29.716011,-95.200573,Little Caesars Pizza
29.716011,-95.200573,Little Caesars Pizza
29.716011,-95.200573,Little Caesars Pizza
35.98879,-115.101074,Joey's N Y Pizza
35.98879,-115.101074,Joey's N Y Pizza
35.98879,-115.101074,Joey's N Y Pizza
35.98879,-115.101074,Joey's N Y Pizza
47.413195,-122.218841,Keyme
43.607478,-71.459311,Tower Hill Tavern
32.945053,-97.12952,Brio Tuscan Grille - Southlake - Southlake Town Square
30.582817,-96.28639,Doubledave's Pizza Works
30.582817,-96.28639,Doubledave's Pizza Works
41.266346,-96.119545,Frank's Pizzeria
41.266346,-96.119545,Frank's Pizzeria
41.266346,-96.119545,Frank's Pizzeria
41.266346,-96.119545,Frank's Pizzeria
41.266346,-96.119545,Frank's Pizzeria
41.9317,-88.0421,Casino's Pizza
41.9317,-88.0421,Casino's Pizza
39.812937,-105.129404,Glutenfree Things
39.812937,-105.129404,Glutenfree Things
39.58133698,-76.98956,Mediterraneo Ristorante
33.862,-118.400769,Patrick Molloy's Sports Pub
33.862,-118.400769,Patrick Molloy's Sports Pub
33.862,-118.400769,Patrick Molloy's Sports Pub
41.285007,-75.898346,Salerno's Pizza Restaurant
41.285007,-75.898346,Salerno's Pizza Restaurant
40.24614006,-74.74381959,Nino's Trattoria & Pizzeria
40.24614006,-74.74381959,Nino's Trattoria & Pizzeria
40.24614006,-74.74381959,Nino's Trattoria & Pizzeria
40.24614006,-74.74381959,Nino's Trattoria & Pizzeria
40.24614006,-74.74381959,Nino's Trattoria & Pizzeria
40.24614006,-74.74381959,Nino's Trattoria & Pizzeria
40.24614006,-74.74381959,Nino's Trattoria & Pizzeria
40.24614006,-74.74381959,Nino's Trattoria & Pizzeria
40.24614006,-74.74381959,Nino's Trattoria & Pizzeria
40.24614006,-74.74381959,Nino's Trattoria & Pizzeria
40.24614006,-74.74381959,Nino's Trattoria & Pizzeria
40.24614006,-74.74381959,Nino's Trattoria & Pizzeria
40.24614006,-74.74381959,Nino's Trattoria & Pizzeria
40.24614006,-74.74381959,Nino's Trattoria & Pizzeria
40.24614006,-74.74381959,Nino's Trattoria & Pizzeria
40.24614006,-74.74381959,Nino's Trattoria & Pizzeria
40.24614006,-74.74381959,Nino's Trattoria & Pizzeria
40.24614006,-74.74381959,Nino's Trattoria & Pizzeria
40.24614006,-74.74381959,Nino's Trattoria & Pizzeria
40.24614006,-74.74381959,Nino's Trattoria & Pizzeria
40.24614006,-74.74381959,Nino's Trattoria & Pizzeria
40.24614006,-74.74381959,Nino's Trattoria & Pizzeria
40.24614006,-74.74381959,Nino's Trattoria & Pizzeria
40.24614006,-74.74381959,Nino's Trattoria & Pizzeria
40.24614006,-74.74381959,Nino's Trattoria & Pizzeria
40.24614006,-74.74381959,Nino's Trattoria & Pizzeria
40.24614006,-74.74381959,Nino's Trattoria & Pizzeria
40.24614006,-74.74381959,Nino's Trattoria & Pizzeria
38.649703,-90.341542,Oceano Bistro - Clayton
42.11067,-76.02803,Brothers 2
42.11067,-76.02803,Brothers 2
42.12484282,-72.05860695,Uno Pizzeria & Grill - Sturbridge
42.12484282,-72.05860695,Uno Pizzeria & Grill - Sturbridge
42.12484282,-72.05860695,Uno Pizzeria & Grill - Sturbridge
42.12484282,-72.05860695,Uno Pizzeria & Grill - Sturbridge
42.12484282,-72.05860695,Uno Pizzeria & Grill - Sturbridge
42.12484282,-72.05860695,Uno Pizzeria & Grill - Sturbridge
42.12484282,-72.05860695,Uno Pizzeria & Grill - Sturbridge
42.12484282,-72.05860695,Uno Pizzeria & Grill - Sturbridge
30.52266137,-97.82690265,Doubledave's Pizzaworks
30.52266137,-97.82690265,Doubledave's Pizzaworks
34.822393,-89.973027,Buon Cibo
34.822393,-89.973027,Buon Cibo
34.822393,-89.973027,Buon Cibo
41.18031,-73.247734,Tomato & Basil
41.18031,-73.247734,Tomato & Basil
29.673973,-82.33917,Blockbuster
41.979321,-73.656571,Stissing House
39.26125063,-84.2709923,Larosa's Pizzeria
40.589589,-74.101477,Mario's - Staten Island
40.589589,-74.101477,Mario's - Staten Island
40.589589,-74.101477,Mario's - Staten Island
45.11267209,-93.44166376,The Lookout Catering
45.11267209,-93.44166376,The Lookout Catering
47.675464,-117.225497,Boston's Restaurant & Sports Bar
36.97572,-122.01743,Ristorante Italiano
38.90896786,-94.76871014,Zios Italian Kitchen - Olathe
38.90896786,-94.76871014,Zios Italian Kitchen - Olathe
38.90896786,-94.76871014,Zios Italian Kitchen - Olathe
38.90896786,-94.76871014,Zios Italian Kitchen - Olathe
38.90896786,-94.76871014,Zios Italian Kitchen - Olathe
38.90896786,-94.76871014,Zios Italian Kitchen - Olathe
38.90896786,-94.76871014,Zios Italian Kitchen - Olathe
40.806263,-74.192924,Town Pub
40.806263,-74.192924,Town Pub
40.806263,-74.192924,Town Pub
40.806263,-74.192924,Town Pub
33.54206,-117.69095,I Love Bagels
39.68517,-75.68316,Ming Garden Cocktails Chinese Restaurant
38.413007,-82.307758,Tascali's Decades Pasta & Grill
38.413007,-82.307758,Tascali's Decades Pasta & Grill
64.85437,-147.84692,Chena's Alaskan Grill
32.071243,-84.208984,La Hacienda
41.84392,-71.413666,West River Cafe
39.47173,-76.63863,Original Giorgio's
39.47173,-76.63863,Original Giorgio's
39.47173,-76.63863,Original Giorgio's
39.47173,-76.63863,Original Giorgio's
39.47173,-76.63863,Original Giorgio's
39.47173,-76.63863,Original Giorgio's
39.47173,-76.63863,Original Giorgio's
39.47173,-76.63863,Original Giorgio's
39.47173,-76.63863,Original Giorgio's
39.47173,-76.63863,Original Giorgio's
39.47173,-76.63863,Original Giorgio's
39.47173,-76.63863,Original Giorgio's
39.47173,-76.63863,Original Giorgio's
39.47173,-76.63863,Original Giorgio's
39.47173,-76.63863,Original Giorgio's
39.47173,-76.63863,Original Giorgio's
39.47173,-76.63863,Original Giorgio's
39.47173,-76.63863,Original Giorgio's
39.47173,-76.63863,Original Giorgio's
39.47173,-76.63863,Original Giorgio's
39.57790088,-76.98442552,Casa-Rica
40.1927,-87.97143,Crane Alley
33.31993,-111.97697,Peter Piper Pizza
44.99395,-93.50191,Gina Maria's Pizza
44.99395,-93.50191,Gina Maria's Pizza
39.812653,-105.166004,Martinizing
28.62476934,-81.36355922,Nypd Pizza
28.62476934,-81.36355922,Nypd Pizza
28.62476934,-81.36355922,Nypd Pizza
41.27626,-73.12953,Enterprise Deli
40.66648,-73.452324,Pizza Bistro
40.90908,-74.09194,Riccardo's Pizza
40.90908,-74.09194,Riccardo's Pizza
40.90908,-74.09194,Riccardo's Pizza
40.90908,-74.09194,Riccardo's Pizza
40.90908,-74.09194,Riccardo's Pizza
40.90908,-74.09194,Riccardo's Pizza
40.90908,-74.09194,Riccardo's Pizza
40.90908,-74.09194,Riccardo's Pizza
40.90908,-74.09194,Riccardo's Pizza
40.90908,-74.09194,Riccardo's Pizza
40.90908,-74.09194,Riccardo's Pizza
40.90908,-74.09194,Riccardo's Pizza
39.938407,-75.159763,Carluccio's
39.938407,-75.159763,Carluccio's
39.938407,-75.159763,Carluccio's
34.962692,-89.975845,Avellino's Pizza
39.309917,-76.44597,Prima Pizza
39.309917,-76.44597,Prima Pizza
39.309917,-76.44597,Prima Pizza
39.309917,-76.44597,Prima Pizza
39.309917,-76.44597,Prima Pizza
39.309917,-76.44597,Prima Pizza
39.309917,-76.44597,Prima Pizza
39.309917,-76.44597,Prima Pizza
42.37159,-83.26215,Prince Pizza
42.37159,-83.26215,Prince Pizza
42.650524,-83.52507,Jet's Pizza
42.650524,-83.52507,Jet's Pizza
42.262196,-70.983795,Harry's Pizza
39.64946776,-86.08348131,Greek's Pizzeria
39.64946776,-86.08348131,Greek's Pizzeria
39.64946776,-86.08348131,Greek's Pizzeria
39.64946776,-86.08348131,Greek's Pizzeria
39.64946776,-86.08348131,Greek's Pizzeria
39.64946776,-86.08348131,Greek's Pizzeria
29.88751,-90.056046,The Spud Spot
39.739883,-104.98201,China Kitchen
41.03949,-83.64813,Tavern At The Inn
41.03949,-83.64813,Tavern At The Inn
41.03949,-83.64813,Tavern At The Inn
26.64711379,-80.20931934,California Pizza Kitchen
26.64711379,-80.20931934,California Pizza Kitchen
37.70839273,-97.38826742,Knolla's Pizza
42.12574064,-80.08198836,Sluggers Sports Bar
42.12574064,-80.08198836,Sluggers Sports Bar
40.5337146,-74.41911221,Suraya's - Grill and Fried Chicken
40.5337146,-74.41911221,Suraya's - Grill and Fried Chicken
40.5337146,-74.41911221,Suraya's - Grill and Fried Chicken
40.5337146,-74.41911221,Suraya's - Grill and Fried Chicken
40.5337146,-74.41911221,Suraya's - Grill and Fried Chicken
40.5337146,-74.41911221,Suraya's - Grill and Fried Chicken
47.613,-122.3383,Icon Grill
47.613,-122.3383,Icon Grill
47.613,-122.3383,Icon Grill
47.613,-122.3383,Icon Grill
47.613,-122.3383,Icon Grill
47.613,-122.3383,Icon Grill
47.613,-122.3383,Icon Grill
40.0945493,-75.36821154,Michael's Jewish Delicatessen
39.984147,-83.044937,Spagio
32.81036,-96.62621,Atheneos Greek Village Cafe
32.81036,-96.62621,Atheneos Greek Village Cafe
32.81036,-96.62621,Atheneos Greek Village Cafe
40.8708844,-74.51648712,Midori Japanese Restaurant
36.743145,-76.583496,China Moon
40.04792,-82.44069,Louie's Pizza
42.320827,-71.205376,Walnut Grille
42.320827,-71.205376,Walnut Grille
42.320827,-71.205376,Walnut Grille
40.40309,-82.44859,Pirate's Cove
40.40309,-82.44859,Pirate's Cove
40.40309,-82.44859,Pirate's Cove
40.40309,-82.44859,Pirate's Cove
40.40309,-82.44859,Pirate's Cove
40.40309,-82.44859,Pirate's Cove
40.40309,-82.44859,Pirate's Cove
40.40309,-82.44859,Pirate's Cove
40.40309,-82.44859,Pirate's Cove
39.684379,-89.706158,Antonio's Pizza
39.684379,-89.706158,Antonio's Pizza
39.684379,-89.706158,Antonio's Pizza
39.684379,-89.706158,Antonio's Pizza
39.684379,-89.706158,Antonio's Pizza
39.684379,-89.706158,Antonio's Pizza
39.684379,-89.706158,Antonio's Pizza
40.74180603,-74.16905811,Broad Street Cafe
40.74180603,-74.16905811,Broad Street Cafe
40.74180603,-74.16905811,Broad Street Cafe
40.5813,-75.388214,Art Cafe
40.31333772,-74.30512905,Hunan Gourmet
30.405542,-97.853065,Austin's Pizza
30.405542,-97.853065,Austin's Pizza
30.405542,-97.853065,Austin's Pizza
30.405542,-97.853065,Austin's Pizza
30.405542,-97.853065,Austin's Pizza
36.25869691,-86.71407402,Sir Pizza
38.562374,-121.328061,Milanos Pizza
38.562374,-121.328061,Milanos Pizza
38.562374,-121.328061,Milanos Pizza
38.562374,-121.328061,Milanos Pizza
38.562374,-121.328061,Milanos Pizza
38.562374,-121.328061,Milanos Pizza
38.562374,-121.328061,Milanos Pizza
38.562374,-121.328061,Milanos Pizza
38.562374,-121.328061,Milanos Pizza
38.562374,-121.328061,Milanos Pizza
38.562374,-121.328061,Milanos Pizza
42.341129,-71.120988,Lineage - Permanently Closed
40.41754,-86.81142,Fox's Pizza Den
40.41754,-86.81142,Fox's Pizza Den
40.41754,-86.81142,Fox's Pizza Den
40.41754,-86.81142,Fox's Pizza Den
41.87371,-85.186226,Bronson Strike Zone
41.87371,-85.186226,Bronson Strike Zone
41.87371,-85.186226,Bronson Strike Zone
41.87371,-85.186226,Bronson Strike Zone
29.93543034,-90.07900715,Copeland's Cheescake Bistro
29.93543034,-90.07900715,Copeland's Cheescake Bistro
42.4856233,-71.2118857,Uno Pizzeria & Grill
42.4856233,-71.2118857,Uno Pizzeria & Grill
42.4856233,-71.2118857,Uno Pizzeria & Grill
42.4856233,-71.2118857,Uno Pizzeria & Grill
42.4856233,-71.2118857,Uno Pizzeria & Grill
42.4856233,-71.2118857,Uno Pizzeria & Grill
42.4856233,-71.2118857,Uno Pizzeria & Grill
42.4856233,-71.2118857,Uno Pizzeria & Grill
42.4856233,-71.2118857,Uno Pizzeria & Grill
36.144259,-80.300566,Dioli's Italian Market
36.144259,-80.300566,Dioli's Italian Market
36.104416,-115.17607,D. Vino Italian Food and Wine Bar - Monte Carlo
35.13593,-90.01149,Little Italy Pizza
42.1992749,-83.216983,Mexican Gardens
42.1992749,-83.216983,Mexican Gardens
39.92231,-75.17348,Mi Pal's Deli
39.92231,-75.17348,Mi Pal's Deli
39.92231,-75.17348,Mi Pal's Deli
39.92231,-75.17348,Mi Pal's Deli
39.92231,-75.17348,Mi Pal's Deli
39.92231,-75.17348,Mi Pal's Deli
39.92231,-75.17348,Mi Pal's Deli
39.92231,-75.17348,Mi Pal's Deli
39.92231,-75.17348,Mi Pal's Deli
39.92231,-75.17348,Mi Pal's Deli
42.565882,-70.936112,Supreme Roast Beef & Sea Food
40.71322392,-73.87542844,Rosa Ii Pizzeria & Restaurant
40.71322392,-73.87542844,Rosa Ii Pizzeria & Restaurant
37.72265196,-97.43952,Taco Pronto
40.72185,-73.987714,Tre Restaurant & Wine Bar
32.76840354,-117.1470022,Tilted Kilt Mission Valley
40.71432,-74.00777,Gran Morsi
40.71432,-74.00777,Gran Morsi
40.71432,-74.00777,Gran Morsi
40.71432,-74.00777,Gran Morsi
40.71432,-74.00777,Gran Morsi
40.71432,-74.00777,Gran Morsi
40.71432,-74.00777,Gran Morsi
40.71432,-74.00777,Gran Morsi
40.71432,-74.00777,Gran Morsi
40.71432,-74.00777,Gran Morsi
40.71432,-74.00777,Gran Morsi
43.38404,-70.54453,Kennebunk House Of Pizza
43.38404,-70.54453,Kennebunk House Of Pizza
37.76190689,-122.2450572,The Fire Den
37.76190689,-122.2450572,The Fire Den
37.76190689,-122.2450572,The Fire Den
37.76190689,-122.2450572,The Fire Den
37.76190689,-122.2450572,The Fire Den
37.76190689,-122.2450572,The Fire Den
37.76190689,-122.2450572,The Fire Den
37.76190689,-122.2450572,The Fire Den
37.76190689,-122.2450572,The Fire Den
37.76190689,-122.2450572,The Fire Den
37.76190689,-122.2450572,The Fire Den
37.76190689,-122.2450572,The Fire Den
37.76190689,-122.2450572,The Fire Den
42.88401467,-85.70610523,Russo's Pizza
42.88401467,-85.70610523,Russo's Pizza
40.719749,-73.80995,Kyoto Sushi
42.10643,-80.08851,Booies Pizza
40.7504272,-73.9722061,Patsy's Pizzeria
39.16349566,-86.497757,Fazoli's
39.16349566,-86.497757,Fazoli's
41.831861,-87.779364,Paisans Pizza - Berwyn
41.831861,-87.779364,Paisans Pizza - Berwyn
41.831861,-87.779364,Paisans Pizza - Berwyn
40.02406613,-79.59280639,The Italian Oven
47.6669986,-122.166405,Pagliacci Pizza
41.031888,-73.766497,The Melting Pot - White Plains
41.031888,-73.766497,The Melting Pot - White Plains
40.633867,-74.309443,Oh' Brian's on the Green
40.633867,-74.309443,Oh' Brian's on the Green
41.62928,-87.91965,Baldinelli Pizza
41.62928,-87.91965,Baldinelli Pizza
36.731148,-119.781654,Valley Lahvosh Baking
39.836708,-82.60525,Cristy's Pizza
39.836708,-82.60525,Cristy's Pizza
39.836708,-82.60525,Cristy's Pizza
39.836708,-82.60525,Cristy's Pizza
39.836708,-82.60525,Cristy's Pizza
39.836708,-82.60525,Cristy's Pizza
39.836708,-82.60525,Cristy's Pizza
39.836708,-82.60525,Cristy's Pizza
39.836708,-82.60525,Cristy's Pizza
40.7600589,-73.91814829,Steinway Pizza
40.7600589,-73.91814829,Steinway Pizza
40.7600589,-73.91814829,Steinway Pizza
40.7600589,-73.91814829,Steinway Pizza
40.7600589,-73.91814829,Steinway Pizza
40.7600589,-73.91814829,Steinway Pizza
40.7600589,-73.91814829,Steinway Pizza
40.7600589,-73.91814829,Steinway Pizza
40.7600589,-73.91814829,Steinway Pizza
40.7600589,-73.91814829,Steinway Pizza
41.7876304,-87.7417593,Potbelly Sandwich Shop
42.49020074,-96.40174627,Charlies American Grill & Spirits
47.7141111,-122.181,Cafe Veloce
33.32076,-111.80924,Hungry Howie's Pizza
33.32076,-111.80924,Hungry Howie's Pizza
33.32076,-111.80924,Hungry Howie's Pizza
33.32076,-111.80924,Hungry Howie's Pizza
33.32076,-111.80924,Hungry Howie's Pizza
33.32076,-111.80924,Hungry Howie's Pizza
33.32076,-111.80924,Hungry Howie's Pizza
33.32076,-111.80924,Hungry Howie's Pizza
33.32076,-111.80924,Hungry Howie's Pizza
33.32076,-111.80924,Hungry Howie's Pizza
33.32076,-111.80924,Hungry Howie's Pizza
33.32076,-111.80924,Hungry Howie's Pizza
33.32076,-111.80924,Hungry Howie's Pizza
33.32076,-111.80924,Hungry Howie's Pizza
39.92969,-74.97526,Tony Soprano's Pizza
44.838036,-73.081566,Pie In The Sky
39.748593,-104.996471,Mellow Mushroom Pizza Bakers
39.748593,-104.996471,Mellow Mushroom Pizza Bakers
39.748593,-104.996471,Mellow Mushroom Pizza Bakers
39.748593,-104.996471,Mellow Mushroom Pizza Bakers
39.748593,-104.996471,Mellow Mushroom Pizza Bakers
39.748593,-104.996471,Mellow Mushroom Pizza Bakers
39.748593,-104.996471,Mellow Mushroom Pizza Bakers
39.748593,-104.996471,Mellow Mushroom Pizza Bakers
39.748593,-104.996471,Mellow Mushroom Pizza Bakers
39.748593,-104.996471,Mellow Mushroom Pizza Bakers
39.748593,-104.996471,Mellow Mushroom Pizza Bakers
42.5520956,-70.95789297,Grassfields Bar & Grill
47.762601,-122.208193,Tavern On The Square
41.02836,-73.76654,Euro Pizzeria
41.02836,-73.76654,Euro Pizzeria
41.02836,-73.76654,Euro Pizzeria
41.02836,-73.76654,Euro Pizzeria
41.02836,-73.76654,Euro Pizzeria
41.02836,-73.76654,Euro Pizzeria
41.02836,-73.76654,Euro Pizzeria
41.02836,-73.76654,Euro Pizzeria
41.02836,-73.76654,Euro Pizzeria
41.02836,-73.76654,Euro Pizzeria
39.53555771,-105.0149,Abo's Pizza
39.53555771,-105.0149,Abo's Pizza
39.53555771,-105.0149,Abo's Pizza
39.53555771,-105.0149,Abo's Pizza
39.53555771,-105.0149,Abo's Pizza
39.53555771,-105.0149,Abo's Pizza
39.53555771,-105.0149,Abo's Pizza
39.53555771,-105.0149,Abo's Pizza
40.44582032,-80.01054704,Rivertowne North Shore
40.44582032,-80.01054704,Rivertowne North Shore
40.44582032,-80.01054704,Rivertowne North Shore
40.44582032,-80.01054704,Rivertowne North Shore
40.44582032,-80.01054704,Rivertowne North Shore
40.44582032,-80.01054704,Rivertowne North Shore
40.44582032,-80.01054704,Rivertowne North Shore
40.44582032,-80.01054704,Rivertowne North Shore
40.44582032,-80.01054704,Rivertowne North Shore
40.44582032,-80.01054704,Rivertowne North Shore
40.44582032,-80.01054704,Rivertowne North Shore
40.44582032,-80.01054704,Rivertowne North Shore
40.44582032,-80.01054704,Rivertowne North Shore
47.14469,-119.27833,Lake Bowl Inc
40.75452836,-73.995624,Burgers & Cupcakes
40.75452836,-73.995624,Burgers & Cupcakes
40.75452836,-73.995624,Burgers & Cupcakes
40.75452836,-73.995624,Burgers & Cupcakes
40.75452836,-73.995624,Burgers & Cupcakes
40.75452836,-73.995624,Burgers & Cupcakes
40.75452836,-73.995624,Burgers & Cupcakes
40.75452836,-73.995624,Burgers & Cupcakes
40.75452836,-73.995624,Burgers & Cupcakes
48.03972,-122.41025,Mo's Pub Eatery
48.03972,-122.41025,Mo's Pub Eatery
39.15657,-84.630101,Larosa's Pizzeria
39.631881,-74.808583,Baglianis Food Market
40.729038,-74.044874,The Hamilton Inn
35.72376469,-81.32007122,Rancho Viejo Mexican Grill
30.148035,-91.964066,Ton's Drive-in
38.9001696,-76.9902978,Khan's Bar & Grill
39.948228,-75.172549,C19
33.6713,-117.789,Zpizza
33.6713,-117.789,Zpizza
30.40052,-97.72676,California Pizza Kitchen
30.40052,-97.72676,California Pizza Kitchen
30.40052,-97.72676,California Pizza Kitchen
32.93635265,-97.25380991,Bosses Pizza - Keller
32.93635265,-97.25380991,Bosses Pizza - Keller
32.93635265,-97.25380991,Bosses Pizza - Keller
32.93635265,-97.25380991,Bosses Pizza - Keller
36.12882319,-80.0599008,East Coast Wings & Grill
42.828365,-78.75513,Brando's Pizza
42.828365,-78.75513,Brando's Pizza
42.828365,-78.75513,Brando's Pizza
42.828365,-78.75513,Brando's Pizza
42.828365,-78.75513,Brando's Pizza
42.828365,-78.75513,Brando's Pizza
40.712266,-74.007918,Woolworth Tower Kitchen
47.613308,-122.3405,Ralph's Grocery Deli
40.7306862,-73.9854965,John's of 12th Street
40.7306862,-73.9854965,John's of 12th Street
41.520603,-71.29902,Kingston Pizza
41.520603,-71.29902,Kingston Pizza
41.520603,-71.29902,Kingston Pizza
41.520603,-71.29902,Kingston Pizza
41.520603,-71.29902,Kingston Pizza
41.520603,-71.29902,Kingston Pizza
41.520603,-71.29902,Kingston Pizza
41.520603,-71.29902,Kingston Pizza
41.520603,-71.29902,Kingston Pizza
41.520603,-71.29902,Kingston Pizza
41.520603,-71.29902,Kingston Pizza
41.520603,-71.29902,Kingston Pizza
41.520603,-71.29902,Kingston Pizza
41.520603,-71.29902,Kingston Pizza
40.224075,-75.40131,Hotel Fiesole - Bella Rossa
40.224075,-75.40131,Hotel Fiesole - Bella Rossa
40.224075,-75.40131,Hotel Fiesole - Bella Rossa
40.224075,-75.40131,Hotel Fiesole - Bella Rossa
40.224075,-75.40131,Hotel Fiesole - Bella Rossa
32.01104178,-102.1571124,Doubledave's Pizzaworks
42.05731867,-87.74851122,Maggiano's Little Italy
38.15805,-85.59119,Bearno's Pizza
38.15805,-85.59119,Bearno's Pizza
38.15805,-85.59119,Bearno's Pizza
38.15805,-85.59119,Bearno's Pizza
38.15805,-85.59119,Bearno's Pizza
38.15805,-85.59119,Bearno's Pizza
33.719958,-116.378539,Piero's Pizza Vino
43.15464555,-86.20251463,That 70s Dough
36.951958,-121.878676,Sanderlings - Seascape Resort
36.3119687,-88.29254186,Ace's Pizza
36.3119687,-88.29254186,Ace's Pizza
36.3119687,-88.29254186,Ace's Pizza
38.60194477,-90.44655146,California Pizza Kitchen
38.60194477,-90.44655146,California Pizza Kitchen
38.60194477,-90.44655146,California Pizza Kitchen
35.02941614,-80.85045251,Papa John's Pizza
35.02941614,-80.85045251,Papa John's Pizza
35.02941614,-80.85045251,Papa John's Pizza
35.25537535,-80.452548,Tailgators Sports Grill
42.140137,-71.39677,Medway Village Pizza
42.140137,-71.39677,Medway Village Pizza
42.031575,-92.89331,Casey's General Store
42.031575,-92.89331,Casey's General Store
42.031575,-92.89331,Casey's General Store
42.031575,-92.89331,Casey's General Store
42.031575,-92.89331,Casey's General Store
42.031575,-92.89331,Casey's General Store
34.1761,-79.76639,Pizza Chef
34.1761,-79.76639,Pizza Chef
41.83253,-71.45175,Papa Joe's Pizza
41.83253,-71.45175,Papa Joe's Pizza
41.83253,-71.45175,Papa Joe's Pizza
36.17451746,-86.7605567,Bagelface Bakery
33.977715,-81.229095,Old Mill Brewpub
32.938723,-97.078219,Cruise Shop
32.938723,-97.078219,Cruise Shop
32.938723,-97.078219,Cruise Shop
32.938723,-97.078219,Cruise Shop
32.938723,-97.078219,Cruise Shop
44.5772,-123.2753,Suds & Suds
36.15205156,-95.98882702,Philtower Building
41.495491,-87.470989,Ciao Bella
41.495491,-87.470989,Ciao Bella
41.495491,-87.470989,Ciao Bella
41.495491,-87.470989,Ciao Bella
41.495491,-87.470989,Ciao Bella
41.495491,-87.470989,Ciao Bella
41.495491,-87.470989,Ciao Bella
41.495491,-87.470989,Ciao Bella
41.495491,-87.470989,Ciao Bella
40.6183,-74.02934,Bay Ridge Eatery
47.30715113,-122.2253753,Don Giovanni Ristorante Italiano and Wine Bar
28.68731,-81.391533,Terramia Ristorante
28.68731,-81.391533,Terramia Ristorante
41.220893,-73.005318,Oscar's Woodmont Kitchen
37.778633,-122.393319,District - San Francisco
35.02899335,-97.93078473,Interurban
35.02899335,-97.93078473,Interurban
35.02899335,-97.93078473,Interurban
40.357917,-104.978371,Candlelight Dinner Playhouse
37.79932696,-122.3973175,Waterfront Restaurant
37.79932696,-122.3973175,Waterfront Restaurant
37.79932696,-122.3973175,Waterfront Restaurant
37.79932696,-122.3973175,Waterfront Restaurant
37.79932696,-122.3973175,Waterfront Restaurant
37.79932696,-122.3973175,Waterfront Restaurant
47.307087,-122.334694,Pizza Pizazz
36.74987198,-108.1603169,Tomo Steak and Sushi
39.04173903,-77.10734816,Victoria's Secret Pink
42.19469,-73.362096,Baba Louie's
42.19469,-73.362096,Baba Louie's
42.19469,-73.362096,Baba Louie's
40.74672753,-73.59584708,Ayhan's Shish Kebab
40.74672753,-73.59584708,Ayhan's Shish Kebab
40.74425041,-73.95362487,Bella Via
40.74425041,-73.95362487,Bella Via
40.74425041,-73.95362487,Bella Via
41.66548,-70.13004,Dennisport House of Pizza
41.66548,-70.13004,Dennisport House of Pizza
34.29484636,-118.8437469,Custom Pie
34.29484636,-118.8437469,Custom Pie
34.29484636,-118.8437469,Custom Pie
34.29484636,-118.8437469,Custom Pie
45.376104,-84.956353,Twisted Olive Cafe
45.376104,-84.956353,Twisted Olive Cafe
32.60322934,-96.94112778,Patrizio
33.585795,-112.013289,Gluten Free Creations
33.585795,-112.013289,Gluten Free Creations
33.585795,-112.013289,Gluten Free Creations
42.83774,-73.738235,Labella Pizza and Pasta
42.83774,-73.738235,Labella Pizza and Pasta
42.83774,-73.738235,Labella Pizza and Pasta
42.83774,-73.738235,Labella Pizza and Pasta
42.83774,-73.738235,Labella Pizza and Pasta
42.83774,-73.738235,Labella Pizza and Pasta
42.83774,-73.738235,Labella Pizza and Pasta
42.83774,-73.738235,Labella Pizza and Pasta
42.83774,-73.738235,Labella Pizza and Pasta
42.83774,-73.738235,Labella Pizza and Pasta
42.83774,-73.738235,Labella Pizza and Pasta
42.83774,-73.738235,Labella Pizza and Pasta
42.83774,-73.738235,Labella Pizza and Pasta
42.83774,-73.738235,Labella Pizza and Pasta
42.83774,-73.738235,Labella Pizza and Pasta
42.83774,-73.738235,Labella Pizza and Pasta
42.83774,-73.738235,Labella Pizza and Pasta
42.83774,-73.738235,Labella Pizza and Pasta
42.83774,-73.738235,Labella Pizza and Pasta
42.83774,-73.738235,Labella Pizza and Pasta
42.83774,-73.738235,Labella Pizza and Pasta
42.83774,-73.738235,Labella Pizza and Pasta
42.83774,-73.738235,Labella Pizza and Pasta
42.83774,-73.738235,Labella Pizza and Pasta
42.83774,-73.738235,Labella Pizza and Pasta
42.83774,-73.738235,Labella Pizza and Pasta
42.83774,-73.738235,Labella Pizza and Pasta
42.83774,-73.738235,Labella Pizza and Pasta
42.83774,-73.738235,Labella Pizza and Pasta
42.83774,-73.738235,Labella Pizza and Pasta
42.83774,-73.738235,Labella Pizza and Pasta
40.482773,-83.92229,Captains Point
38.753685,-77.491615,The Perfect Pizza Company
38.753685,-77.491615,The Perfect Pizza Company
38.753685,-77.491615,The Perfect Pizza Company
38.753685,-77.491615,The Perfect Pizza Company
40.771072,-74.02265,7 Day 24 Hours Emergency Locks
40.771072,-74.02265,7 Day 24 Hours Emergency Locks
40.771072,-74.02265,7 Day 24 Hours Emergency Locks
40.771072,-74.02265,7 Day 24 Hours Emergency Locks
40.771072,-74.02265,7 Day 24 Hours Emergency Locks
40.771072,-74.02265,7 Day 24 Hours Emergency Locks
40.771072,-74.02265,7 Day 24 Hours Emergency Locks
40.771072,-74.02265,7 Day 24 Hours Emergency Locks
40.771072,-74.02265,7 Day 24 Hours Emergency Locks
40.771072,-74.02265,7 Day 24 Hours Emergency Locks
40.771072,-74.02265,7 Day 24 Hours Emergency Locks
40.771072,-74.02265,7 Day 24 Hours Emergency Locks
40.771072,-74.02265,7 Day 24 Hours Emergency Locks
40.771072,-74.02265,7 Day 24 Hours Emergency Locks
40.771072,-74.02265,7 Day 24 Hours Emergency Locks
40.771072,-74.02265,7 Day 24 Hours Emergency Locks
40.771072,-74.02265,7 Day 24 Hours Emergency Locks
40.771072,-74.02265,7 Day 24 Hours Emergency Locks
35.251274,-112.187965,Pancho Mc Gillicuddy's Mexican
34.072135,-118.366983,Doughboys
47.744408,-122.34544,Green Garden
37.5856,-77.424484,Pizza Hut
37.5856,-77.424484,Pizza Hut
37.5856,-77.424484,Pizza Hut
45.43198,-122.6033,Breakside Brewery
38.287037,-85.57828,Spinelli's Pizza
38.287037,-85.57828,Spinelli's Pizza
38.287037,-85.57828,Spinelli's Pizza
38.287037,-85.57828,Spinelli's Pizza
38.287037,-85.57828,Spinelli's Pizza
38.287037,-85.57828,Spinelli's Pizza
38.287037,-85.57828,Spinelli's Pizza
38.287037,-85.57828,Spinelli's Pizza
41.73670214,-72.6752126,Franklin Giant Grinder Shop
40.02071,-75.11754,Takka Grill
40.02071,-75.11754,Takka Grill
40.02071,-75.11754,Takka Grill
40.02071,-75.11754,Takka Grill
40.02071,-75.11754,Takka Grill
40.02071,-75.11754,Takka Grill
40.02071,-75.11754,Takka Grill
40.02071,-75.11754,Takka Grill
40.02071,-75.11754,Takka Grill
40.02071,-75.11754,Takka Grill
40.02071,-75.11754,Takka Grill
40.02071,-75.11754,Takka Grill
40.02071,-75.11754,Takka Grill
40.02071,-75.11754,Takka Grill
40.02071,-75.11754,Takka Grill
40.02071,-75.11754,Takka Grill
40.02071,-75.11754,Takka Grill
40.02071,-75.11754,Takka Grill
40.02071,-75.11754,Takka Grill
40.02071,-75.11754,Takka Grill
40.02071,-75.11754,Takka Grill
40.02071,-75.11754,Takka Grill
40.02071,-75.11754,Takka Grill
40.02071,-75.11754,Takka Grill
40.02071,-75.11754,Takka Grill
40.02071,-75.11754,Takka Grill
39.057884,-77.12069,Mamma Lucia
39.057884,-77.12069,Mamma Lucia
39.057884,-77.12069,Mamma Lucia
39.057884,-77.12069,Mamma Lucia
39.057884,-77.12069,Mamma Lucia
39.057884,-77.12069,Mamma Lucia
39.057884,-77.12069,Mamma Lucia
39.057884,-77.12069,Mamma Lucia
39.057884,-77.12069,Mamma Lucia
26.620066,-81.766235,Il Primo Pizza Wings
26.620066,-81.766235,Il Primo Pizza Wings
26.620066,-81.766235,Il Primo Pizza Wings
26.620066,-81.766235,Il Primo Pizza Wings
26.620066,-81.766235,Il Primo Pizza Wings
32.94368424,-97.12974465,Campania Pizza
36.55233,-119.3951,You-be's U-bake Pizza
36.55233,-119.3951,You-be's U-bake Pizza
39.7535,-105.017,"Solamor Hospice | Denver, Co"
39.7535,-105.017,"Solamor Hospice | Denver, Co"
39.7535,-105.017,"Solamor Hospice | Denver, Co"
34.03323689,-117.0502934,Pizza Chalet
34.03323689,-117.0502934,Pizza Chalet
34.03323689,-117.0502934,Pizza Chalet
34.03323689,-117.0502934,Pizza Chalet
34.03323689,-117.0502934,Pizza Chalet
34.03323689,-117.0502934,Pizza Chalet
34.03323689,-117.0502934,Pizza Chalet
34.03323689,-117.0502934,Pizza Chalet
34.03323689,-117.0502934,Pizza Chalet
34.03323689,-117.0502934,Pizza Chalet
34.03323689,-117.0502934,Pizza Chalet
34.03323689,-117.0502934,Pizza Chalet
34.03323689,-117.0502934,Pizza Chalet
34.03323689,-117.0502934,Pizza Chalet
43.162429,-87.91198075,Calderone Club
41.94476156,-88.01763178,Franky's
41.94476156,-88.01763178,Franky's
41.94476156,-88.01763178,Franky's
41.94476156,-88.01763178,Franky's
33.8315,-118.385,Izakaya Bincho
33.8315,-118.385,Izakaya Bincho
41.010715,-74.1728,Giovanni's Pizzeria
41.010715,-74.1728,Giovanni's Pizzeria
41.010715,-74.1728,Giovanni's Pizzeria
41.010715,-74.1728,Giovanni's Pizzeria
41.010715,-74.1728,Giovanni's Pizzeria
41.010715,-74.1728,Giovanni's Pizzeria
41.010715,-74.1728,Giovanni's Pizzeria
41.010715,-74.1728,Giovanni's Pizzeria
41.010715,-74.1728,Giovanni's Pizzeria
41.010715,-74.1728,Giovanni's Pizzeria
41.010715,-74.1728,Giovanni's Pizzeria
41.010715,-74.1728,Giovanni's Pizzeria
41.010715,-74.1728,Giovanni's Pizzeria
41.010715,-74.1728,Giovanni's Pizzeria
41.010715,-74.1728,Giovanni's Pizzeria
41.010715,-74.1728,Giovanni's Pizzeria
41.010715,-74.1728,Giovanni's Pizzeria
41.010715,-74.1728,Giovanni's Pizzeria
41.010715,-74.1728,Giovanni's Pizzeria
41.010715,-74.1728,Giovanni's Pizzeria
37.60925,-120.97111,Rico's Pizza
32.18039,-80.72779,Mediterranean Harbour Bar & Grill
39.14696,-76.89989,Lucero's Pizza
29.07113559,-82.07051306,Pasta Faire
29.07113559,-82.07051306,Pasta Faire
29.07113559,-82.07051306,Pasta Faire
29.07113559,-82.07051306,Pasta Faire
29.07113559,-82.07051306,Pasta Faire
29.07113559,-82.07051306,Pasta Faire
29.07113559,-82.07051306,Pasta Faire
29.07113559,-82.07051306,Pasta Faire
40.53234323,-74.30763611,Roosevelt's American Homestyle Deli
40.53234323,-74.30763611,Roosevelt's American Homestyle Deli
37.118553,-113.544716,Buca Di Beppo
34.585773,-112.319275,Olivas' Mexican Food
42.50031408,-70.85926875,Village Roast Beef & Seafood
39.27898,-76.81683,Stella Notte
39.27898,-76.81683,Stella Notte
39.27898,-76.81683,Stella Notte
39.27898,-76.81683,Stella Notte
39.27898,-76.81683,Stella Notte
39.27898,-76.81683,Stella Notte
39.27898,-76.81683,Stella Notte
39.27898,-76.81683,Stella Notte
39.27898,-76.81683,Stella Notte
21.271709,-157.77395,The Veranda At The Kahala Resort
35.84764,-86.44008,Nobody's Sports Grill and Bbq
35.84764,-86.44008,Nobody's Sports Grill and Bbq
35.84764,-86.44008,Nobody's Sports Grill and Bbq
32.798929,-96.803516,Dream Cafe
39.952679,-75.158251,Crown Fried Chicken
44.90242601,-123.0396652,La Hacienda Real
44.90242601,-123.0396652,La Hacienda Real
44.90242601,-123.0396652,La Hacienda Real
44.90242601,-123.0396652,La Hacienda Real
44.90242601,-123.0396652,La Hacienda Real
44.90242601,-123.0396652,La Hacienda Real
34.189596,-118.605887,Nm Cafe At Neiman Marcus Topanga
34.189596,-118.605887,Nm Cafe At Neiman Marcus Topanga
41.908528,-87.646393,Kings Chicago - Lincoln Park
41.908528,-87.646393,Kings Chicago - Lincoln Park
42.40433,-71.10758,Toni's By George
44.90125519,-93.58864255,Joey Nova's Pizzeria and Grilled Subs
44.90125519,-93.58864255,Joey Nova's Pizzeria and Grilled Subs
44.90125519,-93.58864255,Joey Nova's Pizzeria and Grilled Subs
44.90125519,-93.58864255,Joey Nova's Pizzeria and Grilled Subs
44.90125519,-93.58864255,Joey Nova's Pizzeria and Grilled Subs
44.90125519,-93.58864255,Joey Nova's Pizzeria and Grilled Subs
44.90125519,-93.58864255,Joey Nova's Pizzeria and Grilled Subs
41.05692963,-83.59660295,Bellacino's Grinders & Pizza
41.05692963,-83.59660295,Bellacino's Grinders & Pizza
41.05692963,-83.59660295,Bellacino's Grinders & Pizza
41.05692963,-83.59660295,Bellacino's Grinders & Pizza
41.93478118,-71.48750067,Suite 600
41.93478118,-71.48750067,Suite 600
41.736555,-87.838222,John Gino's Pizza
41.736555,-87.838222,John Gino's Pizza
36.159927,-86.77642,The Sportsgrille
36.030186,-115.06311,Buddha Belly Deli
30.16026623,-91.9915483,Blue Agave Mexican Restaurant
41.38983786,-81.852881,Donte's Restaurant & Pizza Shop
39.287831,-76.635059,Goodfella's Cafe
38.015007,-92.75593,Caseys Carry Out Pizza
38.015007,-92.75593,Caseys Carry Out Pizza
38.015007,-92.75593,Caseys Carry Out Pizza
38.015007,-92.75593,Caseys Carry Out Pizza
40.595734,-74.29025,Galaxy Diner
40.595734,-74.29025,Galaxy Diner
40.595734,-74.29025,Galaxy Diner
40.045304,-75.388245,Vecchia - Wayne
40.045304,-75.388245,Vecchia - Wayne
40.045304,-75.388245,Vecchia - Wayne
40.045304,-75.388245,Vecchia - Wayne
40.045304,-75.388245,Vecchia - Wayne
40.986231,-73.678849,Rye Grill and Bar
40.986231,-73.678849,Rye Grill and Bar
29.67904,-95.47744,La Fresca Pizza
29.67904,-95.47744,La Fresca Pizza
39.399492,-76.934053,The County Cork Wine Pub
39.399492,-76.934053,The County Cork Wine Pub
39.399492,-76.934053,The County Cork Wine Pub
39.399492,-76.934053,The County Cork Wine Pub
39.399492,-76.934053,The County Cork Wine Pub
39.399492,-76.934053,The County Cork Wine Pub
39.399492,-76.934053,The County Cork Wine Pub
44.232479,-85.448498,The Marina
44.232479,-85.448498,The Marina
35.102334,-106.565335,The Melting Pot - Albuquerque
35.102334,-106.565335,The Melting Pot - Albuquerque
39.941495,-75.144845,Pietro's Coal Oven Pizza - South Street
38.94743,-76.71815,Applebee's
41.75920526,-70.71649555,Minervas
41.75920526,-70.71649555,Minervas
33.68510357,-117.9903746,Two Brothers Pizza
33.68510357,-117.9903746,Two Brothers Pizza
33.68510357,-117.9903746,Two Brothers Pizza
33.68510357,-117.9903746,Two Brothers Pizza
33.68510357,-117.9903746,Two Brothers Pizza
33.68510357,-117.9903746,Two Brothers Pizza
33.68510357,-117.9903746,Two Brothers Pizza
33.68510357,-117.9903746,Two Brothers Pizza
33.68510357,-117.9903746,Two Brothers Pizza
33.68510357,-117.9903746,Two Brothers Pizza
33.68510357,-117.9903746,Two Brothers Pizza
33.68510357,-117.9903746,Two Brothers Pizza
33.68510357,-117.9903746,Two Brothers Pizza
33.68510357,-117.9903746,Two Brothers Pizza
33.68510357,-117.9903746,Two Brothers Pizza
39.48296,-86.06386,Papa John's Pizza
39.48296,-86.06386,Papa John's Pizza
39.48296,-86.06386,Papa John's Pizza
47.7067,-122.2117319,Brix Wine Café
47.7067,-122.2117319,Brix Wine Café
47.7067,-122.2117319,Brix Wine Café
30.34038,-97.86338,The 263 Restaurant & Provisions
42.53826,-83.20606,Hungry Howie's Pizza
42.53826,-83.20606,Hungry Howie's Pizza
42.53826,-83.20606,Hungry Howie's Pizza
42.53826,-83.20606,Hungry Howie's Pizza
42.53826,-83.20606,Hungry Howie's Pizza
42.53826,-83.20606,Hungry Howie's Pizza
42.53826,-83.20606,Hungry Howie's Pizza
42.53826,-83.20606,Hungry Howie's Pizza
35.12226018,-80.65446284,Mama's Pizza & Restaurant
35.12226018,-80.65446284,Mama's Pizza & Restaurant
35.12226018,-80.65446284,Mama's Pizza & Restaurant
35.12226018,-80.65446284,Mama's Pizza & Restaurant
35.12226018,-80.65446284,Mama's Pizza & Restaurant
35.12226018,-80.65446284,Mama's Pizza & Restaurant
35.12226018,-80.65446284,Mama's Pizza & Restaurant
29.749113,-95.364468,Calabash Island Eats
29.749113,-95.364468,Calabash Island Eats
40.744049,-73.983838,California Pizza Kitchen - Nyc
40.744049,-73.983838,California Pizza Kitchen - Nyc
26.938991,-82.050733,Laishley Crab House
40.800338,-74.482058,Mr. Chung's
40.800338,-74.482058,Mr. Chung's
40.789205,-73.973906,Bodrum Turkish Mediterranean
40.789205,-73.973906,Bodrum Turkish Mediterranean
40.789205,-73.973906,Bodrum Turkish Mediterranean
40.789205,-73.973906,Bodrum Turkish Mediterranean
40.789205,-73.973906,Bodrum Turkish Mediterranean
40.789205,-73.973906,Bodrum Turkish Mediterranean
40.789205,-73.973906,Bodrum Turkish Mediterranean
42.552097,-71.567703,Lazy Mary's
42.65518344,-82.99560353,American Pie
42.65518344,-82.99560353,American Pie
32.811667,-96.811864,Amico's Pizza & Pasta
41.788221,-88.07471538,Passero's Pizza
41.788221,-88.07471538,Passero's Pizza
41.788221,-88.07471538,Passero's Pizza
41.469563,-72.81672,Panda Garden
41.732212,-88.26191,Mr. Broast
48.936131,-122.4822271,Milt's Pizza Place Llc
48.936131,-122.4822271,Milt's Pizza Place Llc
48.936131,-122.4822271,Milt's Pizza Place Llc
48.936131,-122.4822271,Milt's Pizza Place Llc
48.936131,-122.4822271,Milt's Pizza Place Llc
47.24998,-122.48963,Pizza Time
47.24998,-122.48963,Pizza Time
44.59057117,-123.1109365,Ciddici's
44.59057117,-123.1109365,Ciddici's
40.075024,-74.865974,Francesco Pizzeria and Ristorante
40.075024,-74.865974,Francesco Pizzeria and Ristorante
40.075024,-74.865974,Francesco Pizzeria and Ristorante
41.07429,-74.01288,AquaTerra Grille
41.07429,-74.01288,AquaTerra Grille
41.07429,-74.01288,AquaTerra Grille
41.07429,-74.01288,AquaTerra Grille
41.07429,-74.01288,AquaTerra Grille
39.10278,-84.51006,Cafe Americana
39.10278,-84.51006,Cafe Americana
32.768514,-117.04499,Terra American Bistro
40.404377,-74.649414,Ya Ya Noodles Chinese Restaurant
40.80853025,-77.90099013,Penn State Sub Shop #3
40.80853025,-77.90099013,Penn State Sub Shop #3
40.80853025,-77.90099013,Penn State Sub Shop #3
40.80853025,-77.90099013,Penn State Sub Shop #3
